"rowtree","X1","X2","X3"
"root_stone",0.044061817751632,0.191884538033834,0.764053644214534
"root_grate",0.0736874424316856,0.24286152901443,0.683451028553884
"trnk_wire",0.0591990713871155,0.232153221125943,0.708647707486941
"trnk_light",0.0624249699879952,0.220888355342137,0.716686674669868
"brch_light",0.0425201059358068,0.184828826202104,0.772651067862089
"brch_shoe",0.0755813953488372,0.241279069767442,0.683139534883721
"sidewalk",0.0416666666666667,0.173895543534261,0.784437789799073
